{"cameraMode":{"drawMode":0,"name":"Shaded","section":"Shading Mode"},"sceneLighting":false,"audioPlay":false,"sceneViewState":{"showFog":true,"showMaterialUpdate":false,"showSkybox":false,"showFlares":true,"showImageEffects":true,"showParticleSystems":true},"in2DMode":false,"pivot":{"x":-298.8299865722656,"y":-116.1500015258789,"z":-7.860000133514404},"rotation":{"x":0.2066468745470047,"y":0.6272441744804382,"z":-0.17765037715435029,"w":0.7296018600463867},"size":4.041658878326416,"orthographic":false}