{"cameraMode":{"drawMode":2,"name":"Shaded Wireframe","section":"Shading Mode"},"sceneLighting":true,"audioPlay":false,"sceneViewState":{"showFog":true,"showMaterialUpdate":false,"showSkybox":true,"showFlares":true,"showImageEffects":true,"showParticleSystems":true},"in2DMode":false,"pivot":{"x":2.271484375,"y":11.1971435546875,"z":-2.14892578125},"rotation":{"x":-0.07300703972578049,"y":0.8853209614753723,"z":-0.14879807829856873,"w":-0.4345739781856537},"size":13.307778358459473,"orthographic":true}