{"cameraMode":{"drawMode":2,"name":"Shaded Wireframe","section":"Shading Mode"},"sceneLighting":false,"audioPlay":false,"sceneViewState":{"showFog":true,"showMaterialUpdate":false,"showSkybox":false,"showFlares":true,"showImageEffects":true,"showParticleSystems":true},"in2DMode":false,"pivot":{"x":0.025943519547581674,"y":0.0,"z":-8.945255279541016},"rotation":{"x":0.011185352690517903,"y":-0.560899019241333,"z":-0.007557004224509001,"w":-0.8278117179870606},"size":11.027402877807618,"orthographic":true}