{"cameraMode":{"drawMode":2,"name":"Shaded Wireframe","section":"Shading Mode"},"sceneLighting":true,"audioPlay":false,"sceneViewState":{"showFog":true,"showMaterialUpdate":false,"showSkybox":true,"showFlares":true,"showImageEffects":true,"showParticleSystems":true},"in2DMode":false,"pivot":{"x":2.04150390625,"y":3.6673583984375,"z":5.4423828125},"rotation":{"x":0.004005386959761381,"y":0.9694610834121704,"z":-0.24496522545814515,"w":0.015688898041844369},"size":4.540884017944336,"orthographic":true}