{"cameraMode":{"drawMode":0,"name":"Shaded","section":"Shading Mode"},"sceneLighting":true,"audioPlay":false,"sceneViewState":{"showFog":true,"showMaterialUpdate":false,"showSkybox":true,"showFlares":true,"showImageEffects":true,"showParticleSystems":true},"in2DMode":false,"pivot":{"x":77.93589782714844,"y":-87.21415710449219,"z":434.8578186035156},"rotation":{"x":-0.13008585572242738,"y":0.1510714292526245,"z":-0.020046936348080636,"w":-0.9797427654266357},"size":1707.7945556640625,"orthographic":false}