{"cameraMode":{"drawMode":0,"name":"Shaded","section":"Shading Mode"},"sceneLighting":true,"audioPlay":false,"sceneViewState":{"showFog":true,"showMaterialUpdate":false,"showSkybox":true,"showFlares":true,"showImageEffects":true,"showParticleSystems":true},"in2DMode":false,"pivot":{"x":-3.392333984375,"y":10.02734375,"z":17.75390625},"rotation":{"x":-0.0002233324630651623,"y":0.9998645186424255,"z":-0.016500549390912057,"w":-0.013808383606374264},"size":32.97869110107422,"orthographic":true}