{"cameraMode":{"drawMode":0,"name":"Shaded","section":"Shading Mode"},"sceneLighting":true,"audioPlay":false,"sceneViewState":{"showFog":true,"showMaterialUpdate":false,"showSkybox":true,"showFlares":true,"showImageEffects":true,"showParticleSystems":true},"in2DMode":false,"pivot":{"x":23.736328125,"y":-5.26171875,"z":-21.222190856933595},"rotation":{"x":-0.3812503516674042,"y":-0.5953687429428101,"z":0.4014585018157959,"w":-0.5843371748924255},"size":23.125398635864259,"orthographic":true}