{"cameraMode":{"drawMode":0,"name":"Shaded","section":"Shading Mode"},"sceneLighting":false,"audioPlay":false,"sceneViewState":{"showFog":true,"showMaterialUpdate":false,"showSkybox":false,"showFlares":true,"showImageEffects":true,"showParticleSystems":true},"in2DMode":false,"pivot":{"x":149.1999969482422,"y":258.6499938964844,"z":0.0},"rotation":{"x":0.11044606566429138,"y":0.8817608952522278,"z":-0.34329137206077578,"w":0.3079800605773926},"size":1380.5255126953125,"orthographic":true}