{"cameraMode":{"drawMode":0,"name":"Shaded","section":"Shading Mode"},"sceneLighting":false,"audioPlay":false,"sceneViewState":{"showFog":true,"showMaterialUpdate":false,"showSkybox":false,"showFlares":true,"showImageEffects":true,"showParticleSystems":true},"in2DMode":false,"pivot":{"x":0.0041923969984054569,"y":-0.039067745208740237,"z":-0.007168889045715332},"rotation":{"x":0.05399664118885994,"y":-0.7034229040145874,"z":0.05327024310827255,"w":0.7071694731712341},"size":1.2714043855667115,"orthographic":true}