{"cameraMode":{"drawMode":0,"name":"Shaded","section":"Shading Mode"},"sceneLighting":true,"audioPlay":false,"sceneViewState":{"showFog":true,"showMaterialUpdate":false,"showSkybox":true,"showFlares":true,"showImageEffects":true,"showParticleSystems":true},"in2DMode":false,"pivot":{"x":0.6368703842163086,"y":-253.83554077148438,"z":-10.785487174987793},"rotation":{"x":0.009871740825474263,"y":-0.9476569890975952,"z":0.32228216528892519,"w":0.013500289060175419},"size":94.78042602539063,"orthographic":true}