{"cameraMode":{"drawMode":0,"name":"Shaded","section":"Shading Mode"},"sceneLighting":true,"audioPlay":false,"sceneViewState":{"showFog":true,"showMaterialUpdate":false,"showSkybox":true,"showFlares":true,"showImageEffects":true,"showParticleSystems":true},"in2DMode":false,"pivot":{"x":0.6368999481201172,"y":-253.8355255126953,"z":-10.785486221313477},"rotation":{"x":-0.006009903270751238,"y":0.9745630025863648,"z":-0.010044541209936142,"w":0.2291124016046524},"size":95.43058776855469,"orthographic":true}