{"cameraMode":{"drawMode":0,"name":"Shaded","section":"Shading Mode"},"sceneLighting":true,"audioPlay":false,"sceneViewState":{"showFog":true,"showMaterialUpdate":false,"showSkybox":true,"showFlares":true,"showImageEffects":true,"showParticleSystems":true},"in2DMode":false,"pivot":{"x":55.95831298828125,"y":6.03515625,"z":19.0556640625},"rotation":{"x":-0.5757930874824524,"y":0.05918782949447632,"z":-0.03854867443442345,"w":-0.8158506155014038},"size":33.47803497314453,"orthographic":true}