{"cameraMode":{"drawMode":0,"name":"Shaded","section":"Shading Mode"},"sceneLighting":false,"audioPlay":false,"sceneViewState":{"showFog":true,"showMaterialUpdate":false,"showSkybox":false,"showFlares":true,"showImageEffects":true,"showParticleSystems":true},"in2DMode":false,"pivot":{"x":-0.00022135674953460693,"y":0.1283499300479889,"z":-0.0009500086307525635},"rotation":{"x":0.18618448078632356,"y":-0.7509217858314514,"z":0.23281125724315644,"w":0.5909103751182556},"size":0.4509778916835785,"orthographic":true}