{"cameraMode":{"drawMode":0,"name":"Shaded","section":"Shading Mode"},"sceneLighting":true,"audioPlay":false,"sceneViewState":{"showFog":true,"showMaterialUpdate":false,"showSkybox":true,"showFlares":true,"showImageEffects":true,"showParticleSystems":true},"in2DMode":false,"pivot":{"x":-23.2041015625,"y":-0.474609375,"z":10.69140625},"rotation":{"x":0.020488986745476724,"y":-0.9521705508232117,"z":0.30016273260116579,"w":0.06413836032152176},"size":26.235408782958986,"orthographic":true}