{"cameraMode":{"drawMode":0,"name":"Shaded","section":"Shading Mode"},"sceneLighting":true,"audioPlay":false,"sceneViewState":{"showFog":true,"showMaterialUpdate":false,"showSkybox":true,"showFlares":true,"showImageEffects":true,"showParticleSystems":true},"in2DMode":false,"pivot":{"x":71.04137420654297,"y":-13.396925926208496,"z":52.4578857421875},"rotation":{"x":0.08466152101755142,"y":0.46690240502357485,"z":-0.04497940093278885,"w":0.8792568445205689},"size":117.05621337890625,"orthographic":false}