{"cameraMode":{"drawMode":0,"name":"Shaded","section":"Shading Mode"},"sceneLighting":true,"audioPlay":false,"sceneViewState":{"showFog":true,"showMaterialUpdate":false,"showSkybox":true,"showFlares":true,"showImageEffects":true,"showParticleSystems":true},"in2DMode":false,"pivot":{"x":-4.740964889526367,"y":1.2348837852478028,"z":159.19573974609376},"rotation":{"x":0.089063860476017,"y":-0.8512070775032044,"z":0.15362989902496339,"w":0.494144469499588},"size":2.41676664352417,"orthographic":false}