{"cameraMode":{"drawMode":0,"name":"Shaded","section":"Shading Mode"},"sceneLighting":true,"audioPlay":false,"sceneViewState":{"showFog":true,"showMaterialUpdate":false,"showSkybox":true,"showFlares":true,"showImageEffects":true,"showParticleSystems":true},"in2DMode":false,"pivot":{"x":38.689453125,"y":9.108642578125,"z":134.1025390625},"rotation":{"x":0.04413643106818199,"y":-0.5234746336936951,"z":0.02726491540670395,"w":0.850570797920227},"size":9.48539924621582,"orthographic":true}