{"cameraMode":{"drawMode":0,"name":"Shaded","section":"Shading Mode"},"sceneLighting":true,"audioPlay":false,"sceneViewState":{"showFog":true,"showMaterialUpdate":false,"showSkybox":true,"showFlares":true,"showImageEffects":true,"showParticleSystems":true},"in2DMode":false,"pivot":{"x":41.9736328125,"y":30.95556640625,"z":51.6201171875},"rotation":{"x":0.09213598072528839,"y":-0.8491086959838867,"z":0.15293797850608827,"w":0.49823489785194399},"size":9.546374320983887,"orthographic":true}