{"cameraMode":{"drawMode":0,"name":"Shaded","section":"Shading Mode"},"sceneLighting":false,"audioPlay":false,"sceneViewState":{"showFog":true,"showMaterialUpdate":false,"showSkybox":false,"showFlares":true,"showImageEffects":true,"showParticleSystems":true},"in2DMode":false,"pivot":{"x":-298.118408203125,"y":-115.29999542236328,"z":-8.067832946777344},"rotation":{"x":-0.02183663100004196,"y":0.6850599050521851,"z":0.02056451328098774,"w":0.7278801798820496},"size":4.041658878326416,"orthographic":false}