{"cameraMode":{"drawMode":0,"name":"Shaded","section":"Shading Mode"},"sceneLighting":true,"audioPlay":false,"sceneViewState":{"showFog":true,"showMaterialUpdate":false,"showSkybox":true,"showFlares":true,"showImageEffects":true,"showParticleSystems":true},"in2DMode":false,"pivot":{"x":-22.111328125,"y":12.42578125,"z":20.738037109375},"rotation":{"x":0.3416076600551605,"y":-0.6489853858947754,"z":0.40579041838645937,"w":0.5460257530212402},"size":12.192960739135743,"orthographic":true}