{"cameraMode":{"drawMode":0,"name":"Shaded","section":"Shading Mode"},"sceneLighting":true,"audioPlay":false,"sceneViewState":{"showFog":true,"showMaterialUpdate":false,"showSkybox":true,"showFlares":true,"showImageEffects":true,"showParticleSystems":true},"in2DMode":false,"pivot":{"x":-31.82861328125,"y":3.9393310546875,"z":15.653076171875},"rotation":{"x":-0.06671087443828583,"y":0.24305719137191773,"z":-0.015119551680982113,"w":-0.9682212471961975},"size":1.9345418214797974,"orthographic":true}