{"cameraMode":{"drawMode":0,"name":"Shaded","section":"Shading Mode"},"sceneLighting":false,"audioPlay":false,"sceneViewState":{"showFog":true,"showMaterialUpdate":false,"showSkybox":false,"showFlares":true,"showImageEffects":true,"showParticleSystems":true},"in2DMode":false,"pivot":{"x":1.0229568481445313,"y":0.8780155181884766,"z":1.9035205841064454},"rotation":{"x":0.19357214868068696,"y":-0.24574290215969087,"z":0.050122443586587909,"w":0.9485117197036743},"size":22.0,"orthographic":false}