{"cameraMode":{"drawMode":2,"name":"Shaded Wireframe","section":"Shading Mode"},"sceneLighting":true,"audioPlay":false,"sceneViewState":{"showFog":true,"showMaterialUpdate":false,"showSkybox":true,"showFlares":true,"showImageEffects":true,"showParticleSystems":true},"in2DMode":false,"pivot":{"x":-2.878687858581543,"y":1.2303049564361573,"z":0.5340147018432617},"rotation":{"x":-0.053979262709617618,"y":0.44412389397621157,"z":-0.026817016303539277,"w":-0.8939414024353027},"size":7.993562698364258,"orthographic":false}