{"cameraMode":{"drawMode":2,"name":"Shaded Wireframe","section":"Shading Mode"},"sceneLighting":true,"audioPlay":false,"sceneViewState":{"showFog":true,"showMaterialUpdate":false,"showSkybox":true,"showFlares":true,"showImageEffects":true,"showParticleSystems":true},"in2DMode":false,"pivot":{"x":-6.585119247436523,"y":-3.260003089904785,"z":0.7202930450439453},"rotation":{"x":-0.3744725286960602,"y":-0.16365836560726167,"z":0.067330501973629,"w":-0.9102007746696472},"size":19.283123016357423,"orthographic":false}